{
  "home_page" : {
    "transaction" : "home_page",
    "sampleCount" : 159,
    "errorCount" : 0,
    "errorPct" : 0.0,
    "meanResTime" : 400.7735849056602,
    "medianResTime" : 331.0,
    "minResTime" : 327.0,
    "maxResTime" : 1187.0,
    "pct1ResTime" : 577.0,
    "pct2ResTime" : 587.0,
    "pct3ResTime" : 833.6000000000033,
    "throughput" : 5.375617012644533,
    "receivedKBytesPerSec" : 43.04855091833458,
    "sentKBytesPerSec" : 0.5932077367469065
  },
  "Total" : {
    "transaction" : "Total",
    "sampleCount" : 159,
    "errorCount" : 0,
    "errorPct" : 0.0,
    "meanResTime" : 400.7735849056602,
    "medianResTime" : 331.0,
    "minResTime" : 327.0,
    "maxResTime" : 1187.0,
    "pct1ResTime" : 577.0,
    "pct2ResTime" : 587.0,
    "pct3ResTime" : 833.6000000000033,
    "throughput" : 5.375617012644533,
    "receivedKBytesPerSec" : 43.04855091833458,
    "sentKBytesPerSec" : 0.5932077367469065
  }
}